.word 1,Offset
Sigurd,aCharacterData.SigurdCharacterDataEntry - aCharacterDataOffsets
Naoise,aCharacterData.NaoiseCharacterDataEntry - aCharacterDataOffsets
Alec,aCharacterData.AlecCharacterDataEntry - aCharacterDataOffsets
Arden,aCharacterData.ArdenCharacterDataEntry - aCharacterDataOffsets
Finn,aCharacterData.FinnCharacterDataEntry - aCharacterDataOffsets
Quan,aCharacterData.QuanCharacterDataEntry - aCharacterDataOffsets
Midir,aCharacterData.MidirCharacterDataEntry - aCharacterDataOffsets
Lewyn,aCharacterData.LewynCharacterDataEntry - aCharacterDataOffsets
Chulainn,aCharacterData.ChulainnCharacterDataEntry - aCharacterDataOffsets
Azelle,aCharacterData.AzelleCharacterDataEntry - aCharacterDataOffsets
Jamke,aCharacterData.JamkeCharacterDataEntry - aCharacterDataOffsets
Claud,aCharacterData.ClaudCharacterDataEntry - aCharacterDataOffsets
Beowolf,aCharacterData.BeowolfCharacterDataEntry - aCharacterDataOffsets
Lex,aCharacterData.LexCharacterDataEntry - aCharacterDataOffsets
Dew,aCharacterData.DewCharacterDataEntry - aCharacterDataOffsets
Deirdre,aCharacterData.DeirdreCharacterDataEntry - aCharacterDataOffsets
Ethlyn,aCharacterData.EthlynCharacterDataEntry - aCharacterDataOffsets
Lachesis,aCharacterData.LachesisCharacterDataEntry - aCharacterDataOffsets
Ayra,aCharacterData.AyraCharacterDataEntry - aCharacterDataOffsets
Erinys,aCharacterData.ErinysCharacterDataEntry - aCharacterDataOffsets
Tailtiu,aCharacterData.TailtiuCharacterDataEntry - aCharacterDataOffsets
Silvia,aCharacterData.SilviaCharacterDataEntry - aCharacterDataOffsets
Edain,aCharacterData.EdainCharacterDataEntry - aCharacterDataOffsets
Brigid,aCharacterData.BrigidCharacterDataEntry - aCharacterDataOffsets
Seliph,aCharacterData.SeliphCharacterDataEntry - aCharacterDataOffsets
Shannan,aCharacterData.ShannanCharacterDataEntry - aCharacterDataOffsets
Dalvin,aCharacterData.DalvinCharacterDataEntry - aCharacterDataOffsets
Asaello,aCharacterData.AsaelloCharacterDataEntry - aCharacterDataOffsets
Leif,aCharacterData.LeifCharacterDataEntry - aCharacterDataOffsets
Iuchar,aCharacterData.IucharCharacterDataEntry - aCharacterDataOffsets
Charlot,aCharacterData.CharlotCharacterDataEntry - aCharacterDataOffsets
Hawk,aCharacterData.HawkCharacterDataEntry - aCharacterDataOffsets
Tristan,aCharacterData.TristanCharacterDataEntry - aCharacterDataOffsets
AdultFinn,aCharacterData.AdultFinnCharacterDataEntry - aCharacterDataOffsets
Deimne,aCharacterData.DeimneCharacterDataEntry - aCharacterDataOffsets
Hannibal,aCharacterData.HannibalCharacterDataEntry - aCharacterDataOffsets
Ares,aCharacterData.AresCharacterDataEntry - aCharacterDataOffsets
Amid,aCharacterData.AmidCharacterDataEntry - aCharacterDataOffsets
Oifey,aCharacterData.OifeyCharacterDataEntry - aCharacterDataOffsets
Daisy,aCharacterData.DaisyCharacterDataEntry - aCharacterDataOffsets
Creidne,aCharacterData.CreidneCharacterDataEntry - aCharacterDataOffsets
Muirne,aCharacterData.MuirneCharacterDataEntry - aCharacterDataOffsets
Julia,aCharacterData.JuliaCharacterDataEntry - aCharacterDataOffsets
Altena,aCharacterData.AltenaCharacterDataEntry - aCharacterDataOffsets
Hermina,aCharacterData.HerminaCharacterDataEntry - aCharacterDataOffsets
Linda,aCharacterData.LindaCharacterDataEntry - aCharacterDataOffsets
Laylea,aCharacterData.LayleaCharacterDataEntry - aCharacterDataOffsets
Jeanne,aCharacterData.JeanneCharacterDataEntry - aCharacterDataOffsets
Iucharba,aCharacterData.IucharbaCharacterDataEntry - aCharacterDataOffsets
Scathach,aCharacterData.ScathachCharacterDataEntry - aCharacterDataOffsets
Febail,aCharacterData.FebailCharacterDataEntry - aCharacterDataOffsets
Coirpre,aCharacterData.CoirpreCharacterDataEntry - aCharacterDataOffsets
Ced,aCharacterData.CedCharacterDataEntry - aCharacterDataOffsets
Diarmuid,aCharacterData.DiarmuidCharacterDataEntry - aCharacterDataOffsets
Lester,aCharacterData.LesterCharacterDataEntry - aCharacterDataOffsets
Arthur,aCharacterData.ArthurCharacterDataEntry - aCharacterDataOffsets
Patty,aCharacterData.PattyCharacterDataEntry - aCharacterDataOffsets
Larcei,aCharacterData.LarceiCharacterDataEntry - aCharacterDataOffsets
Lana,aCharacterData.LanaCharacterDataEntry - aCharacterDataOffsets
Fee,aCharacterData.FeeCharacterDataEntry - aCharacterDataOffsets
Tine,aCharacterData.TineCharacterDataEntry - aCharacterDataOffsets
Lene,aCharacterData.LeneCharacterDataEntry - aCharacterDataOffsets
Nanna,aCharacterData.NannaCharacterDataEntry - aCharacterDataOffsets
Gerald,aCharacterData.GeraldCharacterDataEntry - aCharacterDataOffsets
DiMaggio,aCharacterData.DiMaggioCharacterDataEntry - aCharacterDataOffsets
VerdaneArmy1,aCharacterData.VerdaneArmy1CharacterDataEntry - aCharacterDataOffsets
VerdaneArmy2,aCharacterData.VerdaneArmy2CharacterDataEntry - aCharacterDataOffsets
VerdaneArmy3,aCharacterData.VerdaneArmy3CharacterDataEntry - aCharacterDataOffsets
VerdaneArmy4,aCharacterData.VerdaneArmy4CharacterDataEntry - aCharacterDataOffsets
VerdaneArmy5,aCharacterData.VerdaneArmy5CharacterDataEntry - aCharacterDataOffsets
VerdaneArmy6,aCharacterData.VerdaneArmy6CharacterDataEntry - aCharacterDataOffsets
Cimbaeth,aCharacterData.CimbaethCharacterDataEntry - aCharacterDataOffsets
VerdaneArmy7,aCharacterData.VerdaneArmy7CharacterDataEntry - aCharacterDataOffsets
VerdaneArmy8,aCharacterData.VerdaneArmy8CharacterDataEntry - aCharacterDataOffsets
VerdaneArmy9,aCharacterData.VerdaneArmy9CharacterDataEntry - aCharacterDataOffsets
VerdaneArmy10,aCharacterData.VerdaneArmy10CharacterDataEntry - aCharacterDataOffsets
Munnir,aCharacterData.MunnirCharacterDataEntry - aCharacterDataOffsets
Commander1,aCharacterData.Commander1CharacterDataEntry - aCharacterDataOffsets
VerdaneArmy11,aCharacterData.VerdaneArmy11CharacterDataEntry - aCharacterDataOffsets
VerdaneArmy12,aCharacterData.VerdaneArmy12CharacterDataEntry - aCharacterDataOffsets
VerdaneArmy13,aCharacterData.VerdaneArmy13CharacterDataEntry - aCharacterDataOffsets
Sandima,aCharacterData.SandimaCharacterDataEntry - aCharacterDataOffsets
VerdaneArmy14,aCharacterData.VerdaneArmy14CharacterDataEntry - aCharacterDataOffsets
VerdaneArmy15,aCharacterData.VerdaneArmy15CharacterDataEntry - aCharacterDataOffsets
Commander2,aCharacterData.Commander2CharacterDataEntry - aCharacterDataOffsets
VerdaneArmy16,aCharacterData.VerdaneArmy16CharacterDataEntry - aCharacterDataOffsets
Bandit1,aCharacterData.Bandit1CharacterDataEntry - aCharacterDataOffsets
EliotCh01,aCharacterData.EliotCh01CharacterDataEntry - aCharacterDataOffsets
HochrheinArmy1,aCharacterData.HochrheinArmy1CharacterDataEntry - aCharacterDataOffsets
EldiganCh01,aCharacterData.EldiganCh01CharacterDataEntry - aCharacterDataOffsets
CrossKnight,aCharacterData.CrossKnightCharacterDataEntry - aCharacterDataOffsets
Commander3,aCharacterData.Commander3CharacterDataEntry - aCharacterDataOffsets
Bordeaux,aCharacterData.BordeauxCharacterDataEntry - aCharacterDataOffsets
HochrheinArmy2,aCharacterData.HochrheinArmy2CharacterDataEntry - aCharacterDataOffsets
Philip,aCharacterData.PhilipCharacterDataEntry - aCharacterDataOffsets
HochrheinArmy3,aCharacterData.HochrheinArmy3CharacterDataEntry - aCharacterDataOffsets
HochrheinArmy4,aCharacterData.HochrheinArmy4CharacterDataEntry - aCharacterDataOffsets
HochrheinArmy5,aCharacterData.HochrheinArmy5CharacterDataEntry - aCharacterDataOffsets
HochrheinArmy6,aCharacterData.HochrheinArmy6CharacterDataEntry - aCharacterDataOffsets
HochrheinArmy7,aCharacterData.HochrheinArmy7CharacterDataEntry - aCharacterDataOffsets
HochrheinArmy8,aCharacterData.HochrheinArmy8CharacterDataEntry - aCharacterDataOffsets
EliotCh02,aCharacterData.EliotCh02CharacterDataEntry - aCharacterDataOffsets
HochrheinArmy9,aCharacterData.HochrheinArmy9CharacterDataEntry - aCharacterDataOffsets
HochrheinArmy10,aCharacterData.HochrheinArmy10CharacterDataEntry - aCharacterDataOffsets
HochrheinArmy11,aCharacterData.HochrheinArmy11CharacterDataEntry - aCharacterDataOffsets
Commander4,aCharacterData.Commander4CharacterDataEntry - aCharacterDataOffsets
InfiniArmy1,aCharacterData.InfiniArmy1CharacterDataEntry - aCharacterDataOffsets
Bandit2,aCharacterData.Bandit2CharacterDataEntry - aCharacterDataOffsets
MakariyArmy1,aCharacterData.MakariyArmy1CharacterDataEntry - aCharacterDataOffsets
Aoibh,aCharacterData.AoibhCharacterDataEntry - aCharacterDataOffsets
MacBeth,aCharacterData.MacBethCharacterDataEntry - aCharacterDataOffsets
InfiniArmy2,aCharacterData.InfiniArmy2CharacterDataEntry - aCharacterDataOffsets
InfiniArmy3,aCharacterData.InfiniArmy3CharacterDataEntry - aCharacterDataOffsets
InfiniArmy4,aCharacterData.InfiniArmy4CharacterDataEntry - aCharacterDataOffsets
Voltz,aCharacterData.VoltzCharacterDataEntry - aCharacterDataOffsets
Mercenary1,aCharacterData.Mercenary1CharacterDataEntry - aCharacterDataOffsets
Clement,aCharacterData.ClementCharacterDataEntry - aCharacterDataOffsets
MakariyArmy2,aCharacterData.MakariyArmy2CharacterDataEntry - aCharacterDataOffsets
MakariyArmy3,aCharacterData.MakariyArmy3CharacterDataEntry - aCharacterDataOffsets
MakariyArmy4,aCharacterData.MakariyArmy4CharacterDataEntry - aCharacterDataOffsets
Commander5,aCharacterData.Commander5CharacterDataEntry - aCharacterDataOffsets
MakariyArmy5,aCharacterData.MakariyArmy5CharacterDataEntry - aCharacterDataOffsets
ChagallCh02,aCharacterData.ChagallCh02CharacterDataEntry - aCharacterDataOffsets
AgustiArmy1,aCharacterData.AgustiArmy1CharacterDataEntry - aCharacterDataOffsets
AgustiArmy2,aCharacterData.AgustiArmy2CharacterDataEntry - aCharacterDataOffsets
Commander6,aCharacterData.Commander6CharacterDataEntry - aCharacterDataOffsets
AgustiArmy3,aCharacterData.AgustiArmy3CharacterDataEntry - aCharacterDataOffsets
Commander7,aCharacterData.Commander7CharacterDataEntry - aCharacterDataOffsets
AgustiArmy4,aCharacterData.AgustiArmy4CharacterDataEntry - aCharacterDataOffsets
ErinysSquad,aCharacterData.ErinysSquadCharacterDataEntry - aCharacterDataOffsets
Zayin,aCharacterData.ZayinCharacterDataEntry - aCharacterDataOffsets
AgustiArmy5,aCharacterData.AgustiArmy5CharacterDataEntry - aCharacterDataOffsets
AgustiArmy6,aCharacterData.AgustiArmy6CharacterDataEntry - aCharacterDataOffsets
AgustiArmy7,aCharacterData.AgustiArmy7CharacterDataEntry - aCharacterDataOffsets
AgustiArmy8,aCharacterData.AgustiArmy8CharacterDataEntry - aCharacterDataOffsets
Aoife,aCharacterData.AoifeCharacterDataEntry - aCharacterDataOffsets
Ailbhe,aCharacterData.AilbheCharacterDataEntry - aCharacterDataOffsets
Jacobi,aCharacterData.JacobiCharacterDataEntry - aCharacterDataOffsets
MadinoArmy1,aCharacterData.MadinoArmy1CharacterDataEntry - aCharacterDataOffsets
MadinoArmy2,aCharacterData.MadinoArmy2CharacterDataEntry - aCharacterDataOffsets
MadinoArmy3,aCharacterData.MadinoArmy3CharacterDataEntry - aCharacterDataOffsets
MadinoArmy4,aCharacterData.MadinoArmy4CharacterDataEntry - aCharacterDataOffsets
MadinoArmy5,aCharacterData.MadinoArmy5CharacterDataEntry - aCharacterDataOffsets
Commander8,aCharacterData.Commander8CharacterDataEntry - aCharacterDataOffsets
MadinoArmy6,aCharacterData.MadinoArmy6CharacterDataEntry - aCharacterDataOffsets
Commander9,aCharacterData.Commander9CharacterDataEntry - aCharacterDataOffsets
MadinoArmy7,aCharacterData.MadinoArmy7CharacterDataEntry - aCharacterDataOffsets
Commander10,aCharacterData.Commander10CharacterDataEntry - aCharacterDataOffsets
MadinoArmy8,aCharacterData.MadinoArmy8CharacterDataEntry - aCharacterDataOffsets
Commander11,aCharacterData.Commander11CharacterDataEntry - aCharacterDataOffsets
MadinoArmy9,aCharacterData.MadinoArmy9CharacterDataEntry - aCharacterDataOffsets
Commander12,aCharacterData.Commander12CharacterDataEntry - aCharacterDataOffsets
MadinoArmy10,aCharacterData.MadinoArmy10CharacterDataEntry - aCharacterDataOffsets
Commander13,aCharacterData.Commander13CharacterDataEntry - aCharacterDataOffsets
MadinoArmy11,aCharacterData.MadinoArmy11CharacterDataEntry - aCharacterDataOffsets
Pirate1,aCharacterData.Pirate1CharacterDataEntry - aCharacterDataOffsets
Commander14,aCharacterData.Commander14CharacterDataEntry - aCharacterDataOffsets
SylvaleArmy1,aCharacterData.SylvaleArmy1CharacterDataEntry - aCharacterDataOffsets
EldiganCh03,aCharacterData.EldiganCh03CharacterDataEntry - aCharacterDataOffsets
CrossKnight2,aCharacterData.CrossKnight2CharacterDataEntry - aCharacterDataOffsets
ChagallCh03,aCharacterData.ChagallCh03CharacterDataEntry - aCharacterDataOffsets
SylvaleArmy2,aCharacterData.SylvaleArmy2CharacterDataEntry - aCharacterDataOffsets
SylvaleArmy3,aCharacterData.SylvaleArmy3CharacterDataEntry - aCharacterDataOffsets
Papilio,aCharacterData.PapilioCharacterDataEntry - aCharacterDataOffsets
ThraciaArmy1,aCharacterData.ThraciaArmy1CharacterDataEntry - aCharacterDataOffsets
Pirate2,aCharacterData.Pirate2CharacterDataEntry - aCharacterDataOffsets
Pirate3,aCharacterData.Pirate3CharacterDataEntry - aCharacterDataOffsets
Pirate4,aCharacterData.Pirate4CharacterDataEntry - aCharacterDataOffsets
Pirate5,aCharacterData.Pirate5CharacterDataEntry - aCharacterDataOffsets
Dobar,aCharacterData.DobarCharacterDataEntry - aCharacterDataOffsets
Pirate6,aCharacterData.Pirate6CharacterDataEntry - aCharacterDataOffsets
Pisear,aCharacterData.PisearCharacterDataEntry - aCharacterDataOffsets
Pirate7,aCharacterData.Pirate7CharacterDataEntry - aCharacterDataOffsets
Pirate8,aCharacterData.Pirate8CharacterDataEntry - aCharacterDataOffsets
Pirate9,aCharacterData.Pirate9CharacterDataEntry - aCharacterDataOffsets
Pirate10,aCharacterData.Pirate10CharacterDataEntry - aCharacterDataOffsets
Arvis,aCharacterData.ArvisCharacterDataEntry - aCharacterDataOffsets
LombardCh03,aCharacterData.LombardCh03CharacterDataEntry - aCharacterDataOffsets
Grauritter1,aCharacterData.Grauritter1CharacterDataEntry - aCharacterDataOffsets
ReptorCh03,aCharacterData.ReptorCh03CharacterDataEntry - aCharacterDataOffsets
Gelbritter1,aCharacterData.Gelbritter1CharacterDataEntry - aCharacterDataOffsets
AnnandUnused,aCharacterData.AnnandUnusedCharacterDataEntry - aCharacterDataOffsets
SilesseArmy1,aCharacterData.SilesseArmy1CharacterDataEntry - aCharacterDataOffsets
Myos,aCharacterData.MyosCharacterDataEntry - aCharacterDataOffsets
TofaArmy1,aCharacterData.TofaArmy1CharacterDataEntry - aCharacterDataOffsets
TofaArmy2,aCharacterData.TofaArmy2CharacterDataEntry - aCharacterDataOffsets
Commander15,aCharacterData.Commander15CharacterDataEntry - aCharacterDataOffsets
TofaArmy3,aCharacterData.TofaArmy3CharacterDataEntry - aCharacterDataOffsets
Kabeiri,aCharacterData.KabeiriCharacterDataEntry - aCharacterDataOffsets
TofaArmy4,aCharacterData.TofaArmy4CharacterDataEntry - aCharacterDataOffsets
Commander16,aCharacterData.Commander16CharacterDataEntry - aCharacterDataOffsets
TofaArmy5,aCharacterData.TofaArmy5CharacterDataEntry - aCharacterDataOffsets
TofaArmy6,aCharacterData.TofaArmy6CharacterDataEntry - aCharacterDataOffsets
Dithorba,aCharacterData.DithorbaCharacterDataEntry - aCharacterDataOffsets
DithorbaSquad,aCharacterData.DithorbaSquadCharacterDataEntry - aCharacterDataOffsets
Pirate11,aCharacterData.Pirate11CharacterDataEntry - aCharacterDataOffsets
SilesseArmy2,aCharacterData.SilesseArmy2CharacterDataEntry - aCharacterDataOffsets
Decair,aCharacterData.DecairCharacterDataEntry - aCharacterDataOffsets
Annand,aCharacterData.AnnandCharacterDataEntry - aCharacterDataOffsets
AnnandSquad,aCharacterData.AnnandSquadCharacterDataEntry - aCharacterDataOffsets
Pamela,aCharacterData.PamelaCharacterDataEntry - aCharacterDataOffsets
PamelaSquad,aCharacterData.PamelaSquadCharacterDataEntry - aCharacterDataOffsets
AndreyCh04,aCharacterData.AndreyCh04CharacterDataEntry - aCharacterDataOffsets
Beigeritter1,aCharacterData.Beigeritter1CharacterDataEntry - aCharacterDataOffsets
Civilian1,aCharacterData.Civilian1CharacterDataEntry - aCharacterDataOffsets
Civilian2,aCharacterData.Civilian2CharacterDataEntry - aCharacterDataOffsets
Donovan,aCharacterData.DonovanCharacterDataEntry - aCharacterDataOffsets
ZaxonArmy1,aCharacterData.ZaxonArmy1CharacterDataEntry - aCharacterDataOffsets
ZaxonArmy2,aCharacterData.ZaxonArmy2CharacterDataEntry - aCharacterDataOffsets
ZaxonArmy3,aCharacterData.ZaxonArmy3CharacterDataEntry - aCharacterDataOffsets
ZaxonArmy4,aCharacterData.ZaxonArmy4CharacterDataEntry - aCharacterDataOffsets
ZaxonArmy5,aCharacterData.ZaxonArmy5CharacterDataEntry - aCharacterDataOffsets
Lamia,aCharacterData.LamiaCharacterDataEntry - aCharacterDataOffsets
Mercenary2,aCharacterData.Mercenary2CharacterDataEntry - aCharacterDataOffsets
Mercenary3,aCharacterData.Mercenary3CharacterDataEntry - aCharacterDataOffsets
Mercenary4,aCharacterData.Mercenary4CharacterDataEntry - aCharacterDataOffsets
Mercenary5,aCharacterData.Mercenary5CharacterDataEntry - aCharacterDataOffsets
Mercenary6,aCharacterData.Mercenary6CharacterDataEntry - aCharacterDataOffsets
LombardCh05,aCharacterData.LombardCh05CharacterDataEntry - aCharacterDataOffsets
Child1,aCharacterData.Child1CharacterDataEntry - aCharacterDataOffsets
LubeckArmy1,aCharacterData.LubeckArmy1CharacterDataEntry - aCharacterDataOffsets
Slade,aCharacterData.SladeCharacterDataEntry - aCharacterDataOffsets
LubeckArmy2,aCharacterData.LubeckArmy2CharacterDataEntry - aCharacterDataOffsets
Commander17,aCharacterData.Commander17CharacterDataEntry - aCharacterDataOffsets
LubeckArmy3,aCharacterData.LubeckArmy3CharacterDataEntry - aCharacterDataOffsets
LubeckArmy4,aCharacterData.LubeckArmy4CharacterDataEntry - aCharacterDataOffsets
Bandit3,aCharacterData.Bandit3CharacterDataEntry - aCharacterDataOffsets
Commander18,aCharacterData.Commander18CharacterDataEntry - aCharacterDataOffsets
LubeckArmy5,aCharacterData.LubeckArmy5CharacterDataEntry - aCharacterDataOffsets
LubeckArmy6,aCharacterData.LubeckArmy6CharacterDataEntry - aCharacterDataOffsets
LubeckArmy7,aCharacterData.LubeckArmy7CharacterDataEntry - aCharacterDataOffsets
Byron,aCharacterData.ByronCharacterDataEntry - aCharacterDataOffsets
AndreyCh05,aCharacterData.AndreyCh05CharacterDataEntry - aCharacterDataOffsets
Beigeritter2,aCharacterData.Beigeritter2CharacterDataEntry - aCharacterDataOffsets
Vaja,aCharacterData.VajaCharacterDataEntry - aCharacterDataOffsets
VelthomerArmy1,aCharacterData.VelthomerArmy1CharacterDataEntry - aCharacterDataOffsets
Priest1,aCharacterData.Priest1CharacterDataEntry - aCharacterDataOffsets
VelthomerArmy2,aCharacterData.VelthomerArmy2CharacterDataEntry - aCharacterDataOffsets
Travant,aCharacterData.TravantCharacterDataEntry - aCharacterDataOffsets
Magon,aCharacterData.MagonCharacterDataEntry - aCharacterDataOffsets
ThraciaArmy2,aCharacterData.ThraciaArmy2CharacterDataEntry - aCharacterDataOffsets
LeonsterArmy,aCharacterData.LeonsterArmyCharacterDataEntry - aCharacterDataOffsets
Aida,aCharacterData.AidaCharacterDataEntry - aCharacterDataOffsets
VelthomerArmy3,aCharacterData.VelthomerArmy3CharacterDataEntry - aCharacterDataOffsets
ReptorCh05,aCharacterData.ReptorCh05CharacterDataEntry - aCharacterDataOffsets
FriegeArmy1,aCharacterData.FriegeArmy1CharacterDataEntry - aCharacterDataOffsets
FriegeArmy2,aCharacterData.FriegeArmy2CharacterDataEntry - aCharacterDataOffsets
FriegeArmy3,aCharacterData.FriegeArmy3CharacterDataEntry - aCharacterDataOffsets
FriegeArmy4,aCharacterData.FriegeArmy4CharacterDataEntry - aCharacterDataOffsets
FriegeArmy5,aCharacterData.FriegeArmy5CharacterDataEntry - aCharacterDataOffsets
FriegeArmy6,aCharacterData.FriegeArmy6CharacterDataEntry - aCharacterDataOffsets
FriegeArmy7,aCharacterData.FriegeArmy7CharacterDataEntry - aCharacterDataOffsets
FriegeArmy8,aCharacterData.FriegeArmy8CharacterDataEntry - aCharacterDataOffsets
Commander19,aCharacterData.Commander19CharacterDataEntry - aCharacterDataOffsets
Rotritter1,aCharacterData.Rotritter1CharacterDataEntry - aCharacterDataOffsets
Commander20,aCharacterData.Commander20CharacterDataEntry - aCharacterDataOffsets
Rotritter2,aCharacterData.Rotritter2CharacterDataEntry - aCharacterDataOffsets
Commander21,aCharacterData.Commander21CharacterDataEntry - aCharacterDataOffsets
Rotritter3,aCharacterData.Rotritter3CharacterDataEntry - aCharacterDataOffsets
ArvisPrologue,aCharacterData.ArvisPrologueCharacterDataEntry - aCharacterDataOffsets
Commander22,aCharacterData.Commander22CharacterDataEntry - aCharacterDataOffsets
Rotritter4,aCharacterData.Rotritter4CharacterDataEntry - aCharacterDataOffsets
Harold,aCharacterData.HaroldCharacterDataEntry - aCharacterDataOffsets
GaneshaArmy1,aCharacterData.GaneshaArmy1CharacterDataEntry - aCharacterDataOffsets
GaneshaArmy2,aCharacterData.GaneshaArmy2CharacterDataEntry - aCharacterDataOffsets
Bandit4,aCharacterData.Bandit4CharacterDataEntry - aCharacterDataOffsets
SofalaArmy1,aCharacterData.SofalaArmy1CharacterDataEntry - aCharacterDataOffsets
IsaachArmy1,aCharacterData.IsaachArmy1CharacterDataEntry - aCharacterDataOffsets
IsaachArmy2,aCharacterData.IsaachArmy2CharacterDataEntry - aCharacterDataOffsets
SofalaArmy2,aCharacterData.SofalaArmy2CharacterDataEntry - aCharacterDataOffsets
Schmidt,aCharacterData.SchmidtCharacterDataEntry - aCharacterDataOffsets
RibautArmy,aCharacterData.RibautArmyCharacterDataEntry - aCharacterDataOffsets
Danann,aCharacterData.DanannCharacterDataEntry - aCharacterDataOffsets
GaneshaArmy3,aCharacterData.GaneshaArmy3CharacterDataEntry - aCharacterDataOffsets
GaneshaArmy4,aCharacterData.GaneshaArmy4CharacterDataEntry - aCharacterDataOffsets
Kutuzov,aCharacterData.Kutuzov1CharacterDataEntry - aCharacterDataOffsets
AedMage1,aCharacterData.AedMage1CharacterDataEntry - aCharacterDataOffsets
AedMage2,aCharacterData.AedMage2CharacterDataEntry - aCharacterDataOffsets
Mercenary7,aCharacterData.Mercenary7CharacterDataEntry - aCharacterDataOffsets
AedMage3,aCharacterData.AedMage3CharacterDataEntry - aCharacterDataOffsets
Commander23,aCharacterData.Commander23CharacterDataEntry - aCharacterDataOffsets
UlsterArmy1,aCharacterData.UlsterArmy1CharacterDataEntry - aCharacterDataOffsets
UlsterArmy2,aCharacterData.UlsterArmy2CharacterDataEntry - aCharacterDataOffsets
Bandit5,aCharacterData.Bandit5CharacterDataEntry - aCharacterDataOffsets
Bloom,aCharacterData.BloomCharacterDataEntry - aCharacterDataOffsets
UlsterArmy3,aCharacterData.UlsterArmy3CharacterDataEntry - aCharacterDataOffsets
DahnaArmy1,aCharacterData.DahnaArmy1CharacterDataEntry - aCharacterDataOffsets
Ishtore,aCharacterData.IshtoreCharacterDataEntry - aCharacterDataOffsets
MergenArmy1,aCharacterData.MergenArmy1CharacterDataEntry - aCharacterDataOffsets
Raisa,aCharacterData.RaisaCharacterDataEntry - aCharacterDataOffsets
MergenArmy2,aCharacterData.MergenArmy2CharacterDataEntry - aCharacterDataOffsets
MergenArmy3,aCharacterData.MergenArmy3CharacterDataEntry - aCharacterDataOffsets
MergenArmy4,aCharacterData.MergenArmy4CharacterDataEntry - aCharacterDataOffsets
MergenArmy5,aCharacterData.MergenArmy5CharacterDataEntry - aCharacterDataOffsets
MergenArmy6,aCharacterData.MergenArmy6CharacterDataEntry - aCharacterDataOffsets
MergenArmy7,aCharacterData.MergenArmy7CharacterDataEntry - aCharacterDataOffsets
Javarro,aCharacterData.JavarroCharacterDataEntry - aCharacterDataOffsets
Mercenary8,aCharacterData.Mercenary8CharacterDataEntry - aCharacterDataOffsets
Mercenary9,aCharacterData.Mercenary9CharacterDataEntry - aCharacterDataOffsets
Bramsel,aCharacterData.BramselCharacterDataEntry - aCharacterDataOffsets
DahnaArmy2,aCharacterData.DahnaArmy2CharacterDataEntry - aCharacterDataOffsets
Commander24,aCharacterData.Commander24CharacterDataEntry - aCharacterDataOffsets
UlsterArmy4,aCharacterData.UlsterArmy4CharacterDataEntry - aCharacterDataOffsets
UlsterArmy5,aCharacterData.UlsterArmy5CharacterDataEntry - aCharacterDataOffsets
Banba1,aCharacterData.Banba1CharacterDataEntry - aCharacterDataOffsets
Fodla1,aCharacterData.Fodla1CharacterDataEntry - aCharacterDataOffsets
Eriu1,aCharacterData.Eriu1CharacterDataEntry - aCharacterDataOffsets
HighMage1,aCharacterData.HighMage1CharacterDataEntry - aCharacterDataOffsets
HighMage2,aCharacterData.HighMage2CharacterDataEntry - aCharacterDataOffsets
HighMage3,aCharacterData.HighMage3CharacterDataEntry - aCharacterDataOffsets
Muhammad,aCharacterData.MuhammadCharacterDataEntry - aCharacterDataOffsets
ConnachtArmy1,aCharacterData.ConnachtArmy1CharacterDataEntry - aCharacterDataOffsets
ConnachtArmy2,aCharacterData.ConnachtArmy2CharacterDataEntry - aCharacterDataOffsets
ConnachtArmy3,aCharacterData.ConnachtArmy3CharacterDataEntry - aCharacterDataOffsets
Bishop1,aCharacterData.Bishop1CharacterDataEntry - aCharacterDataOffsets
Ovo,aCharacterData.OvoCharacterDataEntry - aCharacterDataOffsets
ConnachtArmy4,aCharacterData.ConnachtArmy4CharacterDataEntry - aCharacterDataOffsets
ConnachtArmy5,aCharacterData.ConnachtArmy5CharacterDataEntry - aCharacterDataOffsets
Bandit6,aCharacterData.Bandit6CharacterDataEntry - aCharacterDataOffsets
Commander25,aCharacterData.Commander25CharacterDataEntry - aCharacterDataOffsets
ConnachtArmy6,aCharacterData.ConnachtArmy6CharacterDataEntry - aCharacterDataOffsets
Ishtar,aCharacterData.IshtarCharacterDataEntry - aCharacterDataOffsets
Commander26,aCharacterData.Commander26CharacterDataEntry - aCharacterDataOffsets
ConnachtArmy7,aCharacterData.ConnachtArmy7CharacterDataEntry - aCharacterDataOffsets
Bloom2,aCharacterData.Bloom2CharacterDataEntry - aCharacterDataOffsets
ConnachtArmy8,aCharacterData.ConnachtArmy8CharacterDataEntry - aCharacterDataOffsets
Civilian3,aCharacterData.Civilian3CharacterDataEntry - aCharacterDataOffsets
Civilian4,aCharacterData.Civilian4CharacterDataEntry - aCharacterDataOffsets
Commander27,aCharacterData.Commander27CharacterDataEntry - aCharacterDataOffsets
ThraciaArmy3,aCharacterData.ThraciaArmy3CharacterDataEntry - aCharacterDataOffsets
Gortach,aCharacterData.GortachCharacterDataEntry - aCharacterDataOffsets
ThraciaArmy4,aCharacterData.ThraciaArmy4CharacterDataEntry - aCharacterDataOffsets
Commander28,aCharacterData.Commander28CharacterDataEntry - aCharacterDataOffsets
ThraciaArmy5,aCharacterData.ThraciaArmy5CharacterDataEntry - aCharacterDataOffsets
Commander29,aCharacterData.Commander29CharacterDataEntry - aCharacterDataOffsets
ThraciaArmy6,aCharacterData.ThraciaArmy6CharacterDataEntry - aCharacterDataOffsets
Maykov,aCharacterData.MaykovCharacterDataEntry - aCharacterDataOffsets
Banba2,aCharacterData.Banba2CharacterDataEntry - aCharacterDataOffsets
Fodla2,aCharacterData.Fodla2CharacterDataEntry - aCharacterDataOffsets
Eriu2,aCharacterData.Eriu2CharacterDataEntry - aCharacterDataOffsets
CappadociaArmy1,aCharacterData.CappadociaArmy1CharacterDataEntry - aCharacterDataOffsets
CappadociaArmy2,aCharacterData.CappadociaArmy2CharacterDataEntry - aCharacterDataOffsets
CappadociaArmy3,aCharacterData.CappadociaArmy3CharacterDataEntry - aCharacterDataOffsets
CappadociaArmy4,aCharacterData.CappadociaArmy4CharacterDataEntry - aCharacterDataOffsets
ThraciaArmy7,aCharacterData.ThraciaArmy7CharacterDataEntry - aCharacterDataOffsets
ThraciaArmy8,aCharacterData.ThraciaArmy8CharacterDataEntry - aCharacterDataOffsets
Bandit7,aCharacterData.Bandit7CharacterDataEntry - aCharacterDataOffsets
Canut,aCharacterData.CanutCharacterDataEntry - aCharacterDataOffsets
Distler,aCharacterData.DistlerCharacterDataEntry - aCharacterDataOffsets
GalatiaArmy1,aCharacterData.GalatiaArmy1CharacterDataEntry - aCharacterDataOffsets
Mercenary10,aCharacterData.Mercenary10CharacterDataEntry - aCharacterDataOffsets
Mercenary11,aCharacterData.Mercenary11CharacterDataEntry - aCharacterDataOffsets
Travant2,aCharacterData.Travant2CharacterDataEntry - aCharacterDataOffsets
ThraciaArmy9,aCharacterData.ThraciaArmy9CharacterDataEntry - aCharacterDataOffsets
Judas,aCharacterData.JudasCharacterDataEntry - aCharacterDataOffsets
Commander30,aCharacterData.Commander30CharacterDataEntry - aCharacterDataOffsets
GalatiaArmy2,aCharacterData.GalatiaArmy2CharacterDataEntry - aCharacterDataOffsets
Arion1,aCharacterData.Arion1CharacterDataEntry - aCharacterDataOffsets
WyvernKnight1,aCharacterData.WyvernKnight1CharacterDataEntry - aCharacterDataOffsets
WyvernKnight2,aCharacterData.WyvernKnight2CharacterDataEntry - aCharacterDataOffsets
Commander31,aCharacterData.Commander31CharacterDataEntry - aCharacterDataOffsets
ThraciaArmy10,aCharacterData.ThraciaArmy10CharacterDataEntry - aCharacterDataOffsets
Commander32,aCharacterData.Commander32CharacterDataEntry - aCharacterDataOffsets
ThraciaArmy11,aCharacterData.ThraciaArmy11CharacterDataEntry - aCharacterDataOffsets
Commander33,aCharacterData.Commander33CharacterDataEntry - aCharacterDataOffsets
ThraciaArmy12,aCharacterData.ThraciaArmy12CharacterDataEntry - aCharacterDataOffsets
Mousa,aCharacterData.MousaCharacterDataEntry - aCharacterDataOffsets
ImperialArmy1,aCharacterData.ImperialArmy1CharacterDataEntry - aCharacterDataOffsets
ImperialArmy2,aCharacterData.ImperialArmy2CharacterDataEntry - aCharacterDataOffsets
ImperialArmy3,aCharacterData.ImperialArmy3CharacterDataEntry - aCharacterDataOffsets
ImperialArmy4,aCharacterData.ImperialArmy4CharacterDataEntry - aCharacterDataOffsets
Riedel,aCharacterData.RiedelCharacterDataEntry - aCharacterDataOffsets
RiedelSquad1,aCharacterData.RiedelSquad1CharacterDataEntry - aCharacterDataOffsets
RiedelSquad2,aCharacterData.RiedelSquad2CharacterDataEntry - aCharacterDataOffsets
RiedelSquad3,aCharacterData.RiedelSquad3CharacterDataEntry - aCharacterDataOffsets
RiedelSquad4,aCharacterData.RiedelSquad4CharacterDataEntry - aCharacterDataOffsets
RiedelSquad5,aCharacterData.RiedelSquad5CharacterDataEntry - aCharacterDataOffsets
Morrigan,aCharacterData.MorriganCharacterDataEntry - aCharacterDataOffsets
DarkMage1,aCharacterData.DarkMage1CharacterDataEntry - aCharacterDataOffsets
Pirate12,aCharacterData.Pirate12CharacterDataEntry - aCharacterDataOffsets
Hilda1,aCharacterData.Hilda1CharacterDataEntry - aCharacterDataOffsets
DarkBishop1,aCharacterData.DarkBishop1CharacterDataEntry - aCharacterDataOffsets
DarkMage2,aCharacterData.DarkMage2CharacterDataEntry - aCharacterDataOffsets
DarkMage3,aCharacterData.DarkMage3CharacterDataEntry - aCharacterDataOffsets
Mercenary12,aCharacterData.Mercenary12CharacterDataEntry - aCharacterDataOffsets
Mercenary13,aCharacterData.Mercenary13CharacterDataEntry - aCharacterDataOffsets
Child2,aCharacterData.Child2CharacterDataEntry - aCharacterDataOffsets
Child3,aCharacterData.Child3CharacterDataEntry - aCharacterDataOffsets
Zagam,aCharacterData.ZagamCharacterDataEntry - aCharacterDataOffsets
DarkMage4,aCharacterData.DarkMage4CharacterDataEntry - aCharacterDataOffsets
DarkMage5,aCharacterData.DarkMage5CharacterDataEntry - aCharacterDataOffsets
DarkMage6,aCharacterData.DarkMage6CharacterDataEntry - aCharacterDataOffsets
DarkMage7,aCharacterData.DarkMage7CharacterDataEntry - aCharacterDataOffsets
DarkMage8,aCharacterData.DarkMage8CharacterDataEntry - aCharacterDataOffsets
Mercenary14,aCharacterData.Mercenary14CharacterDataEntry - aCharacterDataOffsets
Mercenary15,aCharacterData.Mercenary15CharacterDataEntry - aCharacterDataOffsets
Mercenary16,aCharacterData.Mercenary16CharacterDataEntry - aCharacterDataOffsets
Julius,aCharacterData.JuliusCharacterDataEntry - aCharacterDataOffsets
Ishtar2,aCharacterData.Ishtar2CharacterDataEntry - aCharacterDataOffsets
Arvis3,aCharacterData.Arvis3CharacterDataEntry - aCharacterDataOffsets
Rotritter5,aCharacterData.Rotritter5CharacterDataEntry - aCharacterDataOffsets
Rotritter6,aCharacterData.Rotritter6CharacterDataEntry - aCharacterDataOffsets
Rotritter7,aCharacterData.Rotritter7CharacterDataEntry - aCharacterDataOffsets
DarkMage9,aCharacterData.DarkMage9CharacterDataEntry - aCharacterDataOffsets
Polemarch,aCharacterData.PolemarchCharacterDataEntry - aCharacterDataOffsets
Child4,aCharacterData.Child4CharacterDataEntry - aCharacterDataOffsets
Child5,aCharacterData.Child5CharacterDataEntry - aCharacterDataOffsets
Commander34,aCharacterData.Commander34CharacterDataEntry - aCharacterDataOffsets
Rotritter8,aCharacterData.Rotritter8CharacterDataEntry - aCharacterDataOffsets
Rotritter9,aCharacterData.Rotritter9CharacterDataEntry - aCharacterDataOffsets
Commander35,aCharacterData.Commander35CharacterDataEntry - aCharacterDataOffsets
Rotritter10,aCharacterData.Rotritter10CharacterDataEntry - aCharacterDataOffsets
Rotritter11,aCharacterData.Rotritter11CharacterDataEntry - aCharacterDataOffsets
Commander36,aCharacterData.Commander36CharacterDataEntry - aCharacterDataOffsets
Rotritter12,aCharacterData.Rotritter12CharacterDataEntry - aCharacterDataOffsets
Rotritter13,aCharacterData.Rotritter13CharacterDataEntry - aCharacterDataOffsets
Rotritter14,aCharacterData.Rotritter14CharacterDataEntry - aCharacterDataOffsets
DarkMage10,aCharacterData.DarkMage10CharacterDataEntry - aCharacterDataOffsets
DarkMage11,aCharacterData.DarkMage11CharacterDataEntry - aCharacterDataOffsets
Robertus,aCharacterData.RobertusCharacterDataEntry - aCharacterDataOffsets
Mercenary17,aCharacterData.Mercenary17CharacterDataEntry - aCharacterDataOffsets
Mercenary18,aCharacterData.Mercenary18CharacterDataEntry - aCharacterDataOffsets
Mercenary19,aCharacterData.Mercenary19CharacterDataEntry - aCharacterDataOffsets
Mercenary20,aCharacterData.Mercenary20CharacterDataEntry - aCharacterDataOffsets
Mercenary21,aCharacterData.Mercenary21CharacterDataEntry - aCharacterDataOffsets
Boece,aCharacterData.BoeceCharacterDataEntry - aCharacterDataOffsets
Mercenary22,aCharacterData.Mercenary22CharacterDataEntry - aCharacterDataOffsets
Mercenary23,aCharacterData.Mercenary23CharacterDataEntry - aCharacterDataOffsets
Rodin,aCharacterData.RodinCharacterDataEntry - aCharacterDataOffsets
EddaArmy1,aCharacterData.EddaArmy1CharacterDataEntry - aCharacterDataOffsets
EddaArmy2,aCharacterData.EddaArmy2CharacterDataEntry - aCharacterDataOffsets
EddaArmy3,aCharacterData.EddaArmy3CharacterDataEntry - aCharacterDataOffsets
EddaArmy4,aCharacterData.EddaArmy4CharacterDataEntry - aCharacterDataOffsets
Uphir,aCharacterData.UphirCharacterDataEntry - aCharacterDataOffsets
DarkMage12,aCharacterData.DarkMage12CharacterDataEntry - aCharacterDataOffsets
DarkMage13,aCharacterData.DarkMage13CharacterDataEntry - aCharacterDataOffsets
Fisher,aCharacterData.FisherCharacterDataEntry - aCharacterDataOffsets
DozelArmy1,aCharacterData.DozelArmy1CharacterDataEntry - aCharacterDataOffsets
DozelArmy2,aCharacterData.DozelArmy2CharacterDataEntry - aCharacterDataOffsets
Brian,aCharacterData.BrianCharacterDataEntry - aCharacterDataOffsets
Grauritter2,aCharacterData.Grauritter2CharacterDataEntry - aCharacterDataOffsets
Grauritter3,aCharacterData.Grauritter3CharacterDataEntry - aCharacterDataOffsets
Dagan,aCharacterData.DaganCharacterDataEntry - aCharacterDataOffsets
Scipio,aCharacterData.ScipioCharacterDataEntry - aCharacterDataOffsets
Beigeritter3,aCharacterData.Beigeritter3CharacterDataEntry - aCharacterDataOffsets
Beigeritter4,aCharacterData.Beigeritter4CharacterDataEntry - aCharacterDataOffsets
Hilda2,aCharacterData.Hilda2CharacterDataEntry - aCharacterDataOffsets
Gelbritter2,aCharacterData.Gelbritter2CharacterDataEntry - aCharacterDataOffsets
Gelbritter3,aCharacterData.Gelbritter3CharacterDataEntry - aCharacterDataOffsets
DarkBishop2,aCharacterData.DarkBishop2CharacterDataEntry - aCharacterDataOffsets
DarkMage14,aCharacterData.DarkMage14CharacterDataEntry - aCharacterDataOffsets
Manfroy,aCharacterData.ManfroyCharacterDataEntry - aCharacterDataOffsets
DarkMage15,aCharacterData.DarkMage15CharacterDataEntry - aCharacterDataOffsets
Julius2,aCharacterData.Julius2CharacterDataEntry - aCharacterDataOffsets
Mus,aCharacterData.MusCharacterDataEntry - aCharacterDataOffsets
Bovis,aCharacterData.BovisCharacterDataEntry - aCharacterDataOffsets
Tigris,aCharacterData.TigrisCharacterDataEntry - aCharacterDataOffsets
Lepus,aCharacterData.LepusCharacterDataEntry - aCharacterDataOffsets
Draco,aCharacterData.DracoCharacterDataEntry - aCharacterDataOffsets
Anguilla,aCharacterData.AnguillaCharacterDataEntry - aCharacterDataOffsets
Equus,aCharacterData.EquusCharacterDataEntry - aCharacterDataOffsets
Ovis,aCharacterData.OvisCharacterDataEntry - aCharacterDataOffsets
Simia,aCharacterData.SimiaCharacterDataEntry - aCharacterDataOffsets
Gallus,aCharacterData.GallusCharacterDataEntry - aCharacterDataOffsets
Canis,aCharacterData.CanisCharacterDataEntry - aCharacterDataOffsets
Porcus,aCharacterData.PorcusCharacterDataEntry - aCharacterDataOffsets
Arion2,aCharacterData.Arion2CharacterDataEntry - aCharacterDataOffsets
WyvernKnight3,aCharacterData.WyvernKnight3CharacterDataEntry - aCharacterDataOffsets
Ishtar3,aCharacterData.Ishtar3CharacterDataEntry - aCharacterDataOffsets
Meng,aCharacterData.MengCharacterDataEntry - aCharacterDataOffsets
Meabel,aCharacterData.MeabelCharacterDataEntry - aCharacterDataOffsets
Breg,aCharacterData.BregCharacterDataEntry - aCharacterDataOffsets
BelhallaArmy1,aCharacterData.BelhallaArmy1CharacterDataEntry - aCharacterDataOffsets
BelhallaArmy2,aCharacterData.BelhallaArmy2CharacterDataEntry - aCharacterDataOffsets
BelhallaArmy3,aCharacterData.BelhallaArmy3CharacterDataEntry - aCharacterDataOffsets
BelhallaArmy4,aCharacterData.BelhallaArmy4CharacterDataEntry - aCharacterDataOffsets
Balan,aCharacterData.BalanCharacterDataEntry - aCharacterDataOffsets
Kutuzov2,aCharacterData.Kutuzov2CharacterDataEntry - aCharacterDataOffsets
Bandit8,aCharacterData.Bandit8CharacterDataEntry - aCharacterDataOffsets
Ghazzak,aCharacterData.GhazzakCharacterDataEntry - aCharacterDataOffsets
Clotho,aCharacterData.ClothoCharacterDataEntry - aCharacterDataOffsets
Wiseman,aCharacterData.WisemanCharacterDataEntry - aCharacterDataOffsets
Shark,aCharacterData.SharkCharacterDataEntry - aCharacterDataOffsets
Hood,aCharacterData.HoodCharacterDataEntry - aCharacterDataOffsets
Bacchus,aCharacterData.BacchusCharacterDataEntry - aCharacterDataOffsets
Emir,aCharacterData.EmirCharacterDataEntry - aCharacterDataOffsets
Dares1,aCharacterData.Dares1CharacterDataEntry - aCharacterDataOffsets
Giraud,aCharacterData.GiraudCharacterDataEntry - aCharacterDataOffsets
Mahatma,aCharacterData.MahatmaCharacterDataEntry - aCharacterDataOffsets
Lofn,aCharacterData.LofnCharacterDataEntry - aCharacterDataOffsets
Bakunin,aCharacterData.BakuninCharacterDataEntry - aCharacterDataOffsets
Millet,aCharacterData.MilletCharacterDataEntry - aCharacterDataOffsets
Herzog,aCharacterData.HerzogCharacterDataEntry - aCharacterDataOffsets
Tchaikov,aCharacterData.TchaikovCharacterDataEntry - aCharacterDataOffsets
Keimos1,aCharacterData.Keimos1CharacterDataEntry - aCharacterDataOffsets
Marilyn1,aCharacterData.Marilyn1CharacterDataEntry - aCharacterDataOffsets
Tyler,aCharacterData.TylerCharacterDataEntry - aCharacterDataOffsets
Rip1,aCharacterData.Rip1CharacterDataEntry - aCharacterDataOffsets
Pelliot,aCharacterData.PelliotCharacterDataEntry - aCharacterDataOffsets
Treville,aCharacterData.TrevilleCharacterDataEntry - aCharacterDataOffsets
Guerre,aCharacterData.GuerreCharacterDataEntry - aCharacterDataOffsets
Bazin,aCharacterData.BazinCharacterDataEntry - aCharacterDataOffsets
Dumas,aCharacterData.DumasCharacterDataEntry - aCharacterDataOffsets
Kayra,aCharacterData.KayraCharacterDataEntry - aCharacterDataOffsets
Thornton,aCharacterData.Thornton1CharacterDataEntry - aCharacterDataOffsets
Mario1,aCharacterData.Mario1CharacterDataEntry - aCharacterDataOffsets
Kemal,aCharacterData.KemalCharacterDataEntry - aCharacterDataOffsets
Kaledin,aCharacterData.KaledinCharacterDataEntry - aCharacterDataOffsets
Keith,aCharacterData.KeithCharacterDataEntry - aCharacterDataOffsets
Senghor,aCharacterData.SenghorCharacterDataEntry - aCharacterDataOffsets
Nikita,aCharacterData.NikitaCharacterDataEntry - aCharacterDataOffsets
Nene,aCharacterData.NeneCharacterDataEntry - aCharacterDataOffsets
Graf,aCharacterData.GrafCharacterDataEntry - aCharacterDataOffsets
Niklas,aCharacterData.NiklasCharacterDataEntry - aCharacterDataOffsets
Attalus1,aCharacterData.Attalus1CharacterDataEntry - aCharacterDataOffsets
Jackal,aCharacterData.JackalCharacterDataEntry - aCharacterDataOffsets
Rip2,aCharacterData.Rip2CharacterDataEntry - aCharacterDataOffsets
Goliath,aCharacterData.GoliathCharacterDataEntry - aCharacterDataOffsets
Gries,aCharacterData.GriesCharacterDataEntry - aCharacterDataOffsets
Leigh,aCharacterData.LeighCharacterDataEntry - aCharacterDataOffsets
Sichel,aCharacterData.SichelCharacterDataEntry - aCharacterDataOffsets
Hawkes,aCharacterData.HawkesCharacterDataEntry - aCharacterDataOffsets
Nazarre,aCharacterData.NazarreCharacterDataEntry - aCharacterDataOffsets
Sif1,aCharacterData.Sif1CharacterDataEntry - aCharacterDataOffsets
Tolstoy,aCharacterData.TolstoyCharacterDataEntry - aCharacterDataOffsets
Bormann,aCharacterData.BormannCharacterDataEntry - aCharacterDataOffsets
Kluge,aCharacterData.KlugeCharacterDataEntry - aCharacterDataOffsets
Manstein,aCharacterData.MansteinCharacterDataEntry - aCharacterDataOffsets
Kastor,aCharacterData.KastorCharacterDataEntry - aCharacterDataOffsets
Hoepner,aCharacterData.HoepnerCharacterDataEntry - aCharacterDataOffsets
Languedoc,aCharacterData.LanguedocCharacterDataEntry - aCharacterDataOffsets
Wulff,aCharacterData.WulffCharacterDataEntry - aCharacterDataOffsets
Dewey,aCharacterData.DeweyCharacterDataEntry - aCharacterDataOffsets
Fet,aCharacterData.FetCharacterDataEntry - aCharacterDataOffsets
Marshak,aCharacterData.MarshakCharacterDataEntry - aCharacterDataOffsets
Lewis,aCharacterData.LewisCharacterDataEntry - aCharacterDataOffsets
Estia,aCharacterData.EstiaCharacterDataEntry - aCharacterDataOffsets
Marder,aCharacterData.MarderCharacterDataEntry - aCharacterDataOffsets
Sigismund,aCharacterData.SigismundCharacterDataEntry - aCharacterDataOffsets
Zenon1,aCharacterData.Zenon1CharacterDataEntry - aCharacterDataOffsets
Jackson1,aCharacterData.Jackson1CharacterDataEntry - aCharacterDataOffsets
Indra1,aCharacterData.Indra1CharacterDataEntry - aCharacterDataOffsets
Nietzsche,aCharacterData.NietzscheCharacterDataEntry - aCharacterDataOffsets
Apostol,aCharacterData.ApostolCharacterDataEntry - aCharacterDataOffsets
Milliat,aCharacterData.MilliatCharacterDataEntry - aCharacterDataOffsets
Chiron,aCharacterData.ChironCharacterDataEntry - aCharacterDataOffsets
Klain,aCharacterData.KlainCharacterDataEntry - aCharacterDataOffsets
Suleiman,aCharacterData.SuleimanCharacterDataEntry - aCharacterDataOffsets
Trieste,aCharacterData.TriesteCharacterDataEntry - aCharacterDataOffsets
Canaan1,aCharacterData.Canaan1CharacterDataEntry - aCharacterDataOffsets
Hanuman,aCharacterData.HanumanCharacterDataEntry - aCharacterDataOffsets
Granz,aCharacterData.GranzCharacterDataEntry - aCharacterDataOffsets
Crossley,aCharacterData.CrossleyCharacterDataEntry - aCharacterDataOffsets
Rodlanz,aCharacterData.RodlanzCharacterDataEntry - aCharacterDataOffsets
Massigli,aCharacterData.MassigliCharacterDataEntry - aCharacterDataOffsets
Rivaz,aCharacterData.RivazCharacterDataEntry - aCharacterDataOffsets
Gloria,aCharacterData.GloriaCharacterDataEntry - aCharacterDataOffsets
Naude,aCharacterData.NaudeCharacterDataEntry - aCharacterDataOffsets
Indra2,aCharacterData.Indra2CharacterDataEntry - aCharacterDataOffsets
Dares2,aCharacterData.Dares2CharacterDataEntry - aCharacterDataOffsets
Keimos2,aCharacterData.Keimos2CharacterDataEntry - aCharacterDataOffsets
Marilyn2,aCharacterData.Marilyn2CharacterDataEntry - aCharacterDataOffsets
Zenon2,aCharacterData.Zenon2CharacterDataEntry - aCharacterDataOffsets
Jackson2,aCharacterData.Jackson2CharacterDataEntry - aCharacterDataOffsets
Thornton2,aCharacterData.Thornton2CharacterDataEntry - aCharacterDataOffsets
Mario2,aCharacterData.Mario2CharacterDataEntry - aCharacterDataOffsets
Canaan2,aCharacterData.Canaan2CharacterDataEntry - aCharacterDataOffsets
Attalus2,aCharacterData.Attalus2CharacterDataEntry - aCharacterDataOffsets
Zeus,aCharacterData.ZeusCharacterDataEntry - aCharacterDataOffsets
